Year,GCAG,GISTEMP,Average Land Temperature (Degrees Celcius),c-C4F8,C2F6,C3F8,C4F10,C5F12,C6F14,C7F16,C8F18,CO2,CCl4,CF4,CFC11,CFC12,CFC113,CFC114,CFC115,CH2Cl2,CH3CCl3,CHCl3,Halon1211,Halon1301,Halon2402,HCFC22,HCFC141b,HCFC142b,HFC23,HFC32,HFC125,HFC134a,HFC143a,HFC152a,HFC227ea,HFC236fa,HFC245fa,HFC365mfc,HFC4310mee,CH4,CH3Br,CH3Cl,NF3,N20,SF6,SO2F2
1880,-0.1148,-0.2,8.11875,0,0.000349169,0,0,0,0,0,0,289.4699993,0.025000429,34.0507,0,0,0,0,0,6.91276128,0,6,0.004446573,0,0,0,0,0,0,0.000294571,0,0,0,0,5.33E-06,0,0,0,0,868.6961063,5.299997818,457,0,277.2650474,0,2.84E-05
1881,-0.0628,-0.12,8.270916667,0,0.000363189,0,0,0,0,0,0,289.7369993,0.025000429,34.0507,0,0,0,0,0,6.91276128,0,6,0.004446573,0,0,0,0,0,0,0.00029711,0,0,0,0,5.38E-06,0,0,0,0,870.9841267,5.299997818,457,0,277.3740486,0,2.87E-05
1882,-0.0648,-0.1,8.128916667,0,0.00037743,0,0,0,0,0,0,290.0189993,0.025000429,34.0508,0,0,0,0,0,6.91276128,0,6,0.004446573,0,0,0,0,0,0,0.00029965,0,0,0,0,5.42E-06,0,0,0,0,873.2501344,5.299997818,457,0,277.4860478,0,2.89E-05
1883,-0.1424,-0.21,7.976916667,0,0.000391897,0,0,0,0,0,0,290.2629992,0.025000429,34.0509,0,0,0,0,0,6.91276128,0,6,0.004446573,0,0,0,0,0,0,0.000302189,0,0,0,0,5.47E-06,0,0,0,0,875.6031505,5.299997818,457,0,277.5910485,0,2.92E-05
1884,-0.2009,-0.28,7.773666667,0,0.000406599,0,0,0,0,0,0,290.5119992,0.025000429,34.051,0,0,0,0,0,6.91276128,0,6,0.004446573,0,0,0,0,0,0,0.000304729,0,0,0,0,5.52E-06,0,0,0,0,878.1481951,5.299997818,457,0,277.6950481,0,2.94E-05
1885,-0.2125,-0.32,7.919666667,0,0.00042154,0,0,0,0,0,0,290.7969992,0.025000429,34.051,0,0,0,0,0,6.91276128,0,6,0.004446573,0,0,0,0,0,0,0.000307268,0,0,0,0,5.56E-06,0,0,0,0,881.0251277,5.299997818,457,0,277.7950483,0,2.96E-05
1886,-0.2003,-0.31,7.9545,0,0.000436727,0,0,0,0,0,0,291.0999992,0.025000429,34.0511,0,0,0,0,0,6.91276128,0,6,0.004446573,0,0,0,0,0,0,0.000309808,0,0,0,0,5.61E-06,0,0,0,0,883.8392111,5.299997818,457,0,277.8850489,0,2.99E-05
1887,-0.2489,-0.33,7.914916667,0,0.000452166,0,0,0,0,0,0,291.4139991,0.025000429,34.0512,0,0,0,0,0,6.91276128,0,6,0.004446573,0,0,0,0,0,0,0.000312347,0,0,0,0,5.65E-06,0,0,0,0,886.9331312,5.299997818,457,0,277.9950475,0,3.01E-05
1888,-0.1471,-0.2,8.0905,0,0.000467863,0,0,0,0,0,0,291.7629991,0.025000429,34.0513,0,0,0,0,0,6.91276128,0,6,0.004446573,0,0,0,0,0,0,0.000314886,0,0,0,0,5.70E-06,0,0,0,0,889.9262115,5.299997818,457,0,278.0800495,0,3.04E-05
1889,-0.0982,-0.12,8.319,0,0.000483826,0,0,0,0,0,0,292.1129991,0.025000429,34.0514,0,0,0,0,0,6.91276128,0,6,0.004446573,0,0,0,0,0,0,0.000317426,0,0,0,0,5.75E-06,0,0,0,0,893.1561629,5.299997818,457,0,278.1910472,0,3.06E-05
1890,-0.322,-0.37,7.971666667,0,0.000500059,0,0,0,0,0,0,292.457999,0.025000429,34.0515,0,0,0,0,0,6.91276128,0,6,0.004446573,0,0,0,0,0,0,0.000319965,0,0,0,0,5.79E-06,0,0,0,0,896.3831741,5.299997818,457,0,278.2730493,0,3.09E-05
1891,-0.2532,-0.24,8.019333333,0,0.000516571,3.28E-08,0,0,0,0,0,292.815999,0.025000429,34.0516,0,0,0,0,0,6.91276128,0,6,0.004446573,0,0,0,0,0,0,0.000322505,0,0,0,0,5.84E-06,0,0,0,0,899.666268,5.299997818,457,0,278.3470486,0,3.11E-05
1892,-0.3062,-0.27,8.065833333,0,0.000533365,3.05E-07,0,0,0,0,0,293.1669989,0.025000429,34.0517,0,0,0,0,0,6.91276128,0,6,0.004446573,0,0,0,0,0,0,0.000325044,0,0,0,0,5.88E-06,0,0,0,0,903.5341862,5.299997818,457,0,278.4420486,0,3.14E-05
1893,-0.3212,-0.3,8.05675,0,0.00055045,6.92E-07,0,0,0,0,0,293.4769989,0.025000429,34.0518,0,0,0,0,0,6.91276128,0,6,0.004446573,0,0,0,0,0,0,0.000327583,0,0,0,0,5.93E-06,0,0,0,0,907.2741284,5.299997818,457,0,278.5540482,0,3.16E-05
1894,-0.2808,-0.31,8.161,0,0.000567831,1.24E-06,0,0,0,0,0,293.7909989,0.025000429,34.0519,0,0,0,0,0,6.91276128,0,6,0.004446573,0,0,0,0,0,0,0.000330123,0,0,0,0,5.98E-06,0,0,0,0,910.4781392,5.299997818,457,0,278.6890478,0,3.19E-05
1895,-0.229,-0.21,8.147,0,0.000585515,1.96E-06,0,0,0,0,0,294.0789989,0.025000429,34.0521,0,0,0,0,0,6.91276128,0,6,0.004446573,0,0,0,0,0,0,0.000332662,0,0,0,0,6.02E-06,0,0,0,0,913.2259779,5.299997818,457,0,278.8310472,0,3.21E-05
1896,-0.0974,-0.15,8.214916667,0,0.000603507,2.85E-06,0,0,0,0,0,294.3649988,0.025000429,34.0522,0,0,0,0,0,6.91276128,0,6,0.004446573,0,0,0,0,0,0,0.000335202,0,0,0,0,6.07E-06,0,0,0,0,914.7710873,5.299997818,457,0,278.9390487,0,3.24E-05
1897,-0.1224,-0.11,8.293333333,0,0.000621815,3.91E-06,0,0,0,0,0,294.6459988,0.025000429,34.0523,0,0,0,0,0,6.91276128,0,6,0.004446573,0,0,0,0,0,0,0.000337741,0,0,0,0,6.11E-06,0,0,0,0,916.2742714,5.299997818,457,0,279.0510477,0,3.26E-05
1898,-0.2546,-0.28,8.178,0,0.000640444,5.15E-06,0,0,0,0,0,294.9539987,0.025000429,34.0525,0,0,0,0,0,6.91276128,0,6,0.004446573,0,0,0,0,0,0,0.00034028,0,0,0,0,6.16E-06,0,0,0,0,919.0172211,5.299997818,457,0,279.1630488,0,3.29E-05
1899,-0.1173,-0.16,8.396333333,0,0.000659401,6.58E-06,0,0,0,0,0,295.2999986,0.025000429,34.0526,0,0,0,0,0,6.91276128,0,6,0.004446573,0,0,0,0,0,0,0.00034282,0,0,0,0,6.21E-06,0,0,0,0,922.2811821,5.299997818,457,0,279.3080469,0,3.31E-05
1900,-0.0679,-0.09,8.501583333,0,0.000678692,8.19E-06,0,0,0,0,0,295.6749984,0.025000377,34.0528,0,0,0,0,0,6.91276128,0,6,0.00444657,0,0,0,0,0,0,0.000345359,0,0,0,0,6.25E-06,0,0,0,0,925.5521141,5.299997818,457,0,279.4540478,0,3.34E-05
1901,-0.1417,-0.15,8.541916667,0,0.000701148,1.00E-05,0,0,0,0,0,296.006998,0.025000494,34.0529,0,0,0,0,0,6.91276128,0,6.000000001,0.00444657,0,0,0,0,0,0,0.000347899,0,0,0,0,6.30E-06,0,0,0,0,928.8003363,5.299997818,457,0,279.6130479,0,3.36E-05
1902,-0.2463,-0.27,8.304416667,0,0.000884881,1.50E-05,0,0,0,0,0,296.3249974,0.025000344,34.0553,0,0,0,0,0,6.91276128,0,5.999999999,0.00444657,0,0,0,0,0,0,0.000350438,0,0,0,0,6.34E-06,0,0,0,0,932.731158,5.299997818,457,0,279.8610456,0,3.39E-05
1903,-0.3369,-0.35,8.220166667,0,0.001116641,2.50E-05,0,0,0,0,0,296.6539968,0.025000539,34.058,0,0,0,0,0,6.91276128,0,6.000000001,0.00444657,0,0,0,0,0,0,0.000352977,0,0,0,0,6.39E-06,0,0,0,0,936.7834294,5.299997818,457,0,280.1560448,0,3.41E-05
1904,-0.4194,-0.44,8.090916667,0,0.001382946,3.50E-05,0,0,0,0,0,296.9539963,0.025000282,34.0608,0,0,0,0,0,6.91276128,0,5.999999999,0.00444657,0,0,0,0,0,0,0.000355517,0,0,0,0,6.43E-06,0,0,0,0,942.1142733,5.299997818,457,0,280.4320453,0,3.43E-05
1905,-0.2931,-0.28,8.225166667,0,0.001716368,5.00E-05,0,0,0,0,0,297.2889957,0.025000625,34.0642,0,0,0,0,0,6.91276128,0,6,0.00444657,0,0,0,0,0,0,0.000358056,0,0,0,0,6.48E-06,0,0,0,0,947.4432792,5.299997818,457,0,280.7050454,0,3.46E-05
1906,-0.2174,-0.23,8.379083333,0,0.002196361,6.00E-05,0,0,0,0,0,297.6619951,0.025000161,34.0687,0,0,0,0,0,6.91276128,0,5.999999985,0.00444657,0,0,0,0,0,0,0.000360596,0,0,0,0,6.53E-06,0,0,0,0,953.0924179,5.299997818,457,0,280.9800454,0,3.48E-05
1907,-0.3706,-0.4,7.947166667,0,0.002872606,8.50E-05,0,0,0,0,0,298.0979945,0.025000798,34.0747,0,0,0,0,0,6.91276128,0,5.999999977,0.00444657,0,0,0,0,0,0,0.000363135,0,0,0,0,6.57E-06,0,0,0,0,959.1561175,5.299997818,457,0,281.2760452,0,3.51E-05
1908,-0.4396,-0.43,8.186083333,0,0.003764991,0.00011,0,0,0,0,0,298.517994,0.024999914,34.0824,0,0,0,0,0,6.91276128,0,5.999999955,0.00444657,0,0,0,0,0,0,0.000365674,0,0,0,0,6.62E-06,0,0,0,0,964.0852972,5.299997818,457,0,281.6110439,0,3.53E-05
1909,-0.4261,-0.47,8.17825,0,0.00433499,0.000125,0,0,0,0,0,298.9359935,0.025073378,34.0874,0,0,0,0,0,6.91276128,0,5.999999952,0.00444657,0,0,0,0,0,0,0.000368214,0,0,0,0,6.66E-06,0,0,0,0,969.3983672,5.299997818,457,0,281.9500447,0,3.56E-05
1910,-0.3789,-0.42,8.223,0,0.00560999,0.00016,0,0,0,0,0,299.3769929,0.025329282,34.0983,0,0,0,0,0,6.91276128,0,5.999999921,0.00444657,0,0,0,0,0,0,0.000370753,0,0,0,0,6.71E-06,0,0,0,0,974.7870881,5.299997818,457,0,282.3140436,0,3.58E-05
1911,-0.4332,-0.44,8.177,0,0.007499989,0.00021,0,0,0,0,0,299.8289923,0.081247234,34.1146,0,0,0,0,0,6.91276128,0,5.999999931,0.00444657,0,0,0,0,0,0,0.000373293,0,0,0,0,6.76E-06,0,0,0,0,979.4653274,5.299997818,457,0,282.7210423,0,3.61E-05
1912,-0.3288,-0.35,8.165416667,0,0.009259988,0.000265,0,0,0,0,0,300.3529917,0.100000089,34.1298,0,0,0,0,0,6.91276128,0,5.999999879,0.00444657,0,0,0,0,0,0,0.000375832,0,0,0,0,6.80E-06,0,0,0,0,983.6058602,5.299997818,457,0,283.0190456,0,3.63E-05
1913,-0.3162,-0.34,8.29775,0,0.011569988,0.00033,0,0,0,0,0,300.9099911,0.116667017,34.1498,0,0,0,0,0,6.91276128,0,5.999999921,0.00444657,0,0,0,0,0,0,0.000378371,0,0,0,0,6.85E-06,0,0,0,0,986.2423271,5.299997818,457,0,283.362044,0,3.66E-05
1914,-0.1395,-0.16,8.5905,0,0.014084987,0.0004,0,0,0,0,0,301.4189908,0.193330538,34.1715,0,0,0,0,0,6.91276128,0,5.999999817,0.00444657,0,0,0,0,0,0,0.000380911,0,0,0,0,6.89E-06,0,0,0,0,988.6108728,5.299997818,457,0,283.7160437,0,3.68E-05
1915,-0.0693,-0.11,8.593166667,0,0.016684986,0.000475,0,0,0,0,0,301.9369903,0.316559707,34.194,0,0,0,0,0,6.91276128,0,5.999999941,0.00444657,0,0,0,0,0,0,0.00038345,0,0,0,0,6.94E-06,0,0,0,0,991.4610852,5.299997817,457,0,284.0470441,0,3.71E-05
1916,-0.293,-0.34,8.22525,0,0.019669986,0.00056,0,0,0,0,0,302.4849897,0.52065248,34.2198,0,0,0,0,0,6.91276128,0,5.999999701,0.00444657,0,0,0,0,0,0,0.00038599,0,0,0,0,6.99E-06,0,0,0,0,998.4538274,5.299997818,457,0,284.312046,0,3.73E-05
1917,-0.3146,-0.4,8.023333333,0,0.023924985,0.00068,0,0,0,0,0,303.0109891,0.756340641,34.2564,0,0,0,0,0,6.91276128,0,6.000000049,0.00444657,0,0,0,0,0,0,0.000388529,0,0,0,0,7.03E-06,0,0,0,0,1003.570556,5.299997817,457,0,284.6150437,0,3.76E-05
1918,-0.2084,-0.26,8.130833333,0,0.028689984,0.000815,0,0,0,0,0,303.4489886,0.927673729,34.2975,0,0,0,0,0,6.91276128,0,5.999999432,0.00444657,0,0,0,0,0,0,0.000391068,0,0,0,0,7.08E-06,0,0,0,0,1010.130448,5.299997819,457,0,284.8050463,0,3.78E-05
1919,-0.2055,-0.22,8.38225,0,0.033434983,0.00095,0,0,0,0,0,303.8139883,1.08436435,34.3387,0,0,0,0,0,6.91276128,0,6.000000404,0.00444657,0,0,0,0,0,0,0.000393608,0,0,0,0,7.12E-06,0,0,0,0,1017.630364,5.299997816,457,0,284.8510501,0,3.81E-05
1920,-0.2105,-0.27,8.35875,0,0.037704983,0.00107,0,0,0,0,0,304.2459877,1.176037726,34.3758,0,0,0,0,0,6.91276128,0,5.999999109,0.00444657,0,0,0,0,0,0,0.000396147,0,0,0,0,7.17E-06,0,0,0,0,1025.070324,5.299997821,457,0,284.9290486,0,3.83E-05
1921,-0.1485,-0.21,8.571,0,0.042184982,0.0012,0,0,0,0,0,304.5999873,1.241669521,34.41469996,0,0,0,0,0,6.91276128,0,6.004406908,0.00444657,0,0,0,0,0,0,0.000398687,0,0,0,0,7.22E-06,0,0,0,0,1032.200339,5.299997812,457,0,285.0390482,0,3.85E-05
1922,-0.2304,-0.28,8.408,0,0.043894981,0.00125,0,0,0,0,0,304.9449868,1.388885518,34.43009973,0,0,0,0,0,6.91276128,0,6.016761834,0.00444657,0,0,0,0,0,0,0.000401226,0,0,0,0,7.26E-06,0,0,0,0,1039.100262,5.299997827,457,0,285.1700491,0,3.88E-05
1923,-0.2156,-0.24,8.422166667,0,0.04700498,0.001335,0,0,0,0,0,305.2709861,1.624991601,34.45719965,0,0,0,0,0,6.91276128,0,6.035730472,0.00444657,0,0,0,0,0,0,0.000403766,0,0,0,0,7.31E-06,0,0,0,0,1045.130075,5.2999978,457,0,285.4670428,0,3.90E-05
1924,-0.2486,-0.28,8.506833333,0,0.052589979,0.001495,0,0,0,0,0,305.6299855,1.845954342,34.50569963,0,0,0,0,0,6.91276128,0,6.059961311,0.00444657,0,0,0,0,0,0,0.000406305,0,0,0,0,7.35E-06,0,0,0,0,1049.450038,5.299997849,457,0,285.605048,0,3.93E-05
1925,-0.1481,-0.21,8.534416667,0,0.058854977,0.001675,0,0,0,0,0,305.812985,2.116421506,34.56059961,0,0,0,0,0,6.912761281,0,6.088124812,0.00444657,0,0,0,0,0,0,0.000408844,0,0,0,0,7.40E-06,0,0,0,0,1052.159978,5.299997758,457,0,285.6520495,0,3.95E-05
1926,-0.0667,-0.1,8.728833333,0,0.065164976,0.001855,0,0,0,0,0,305.9539845,2.460367273,34.61619959,0,0,0,0,0,6.912761279,0,6.118870655,0.00444657,0,0,0,0,0,0,0.000411384,0,0,0,0,7.45E-06,0,0,0,0,1053.600124,5.299997931,457,0,285.6920494,0,3.98E-05
1927,-0.1546,-0.21,8.522083333,0,0.072019975,0.00205,0,0,0,0,0,306.1769839,2.694285727,34.67679956,0,0,0,0,0,6.912761282,0,6.150859345,0.00444657,0,0,0,0,0,0,0.000413923,0,0,0,0,7.49E-06,0,0,0,0,1055.770562,5.299997598,457,0,285.7400496,0,4.00E-05
1928,-0.1774,-0.21,8.632166667,0,0.079704974,0.00227,0,0,0,0,0,306.3289833,3.02649054,34.74499954,0,0,0,0,0,6.912761276,0,6.182749912,0.00444657,0,0,0,0,0,0,0.000416463,0,0,0,0,7.54E-06,0,0,0,0,1060.640364,5.29999825,457,0,285.833048,0,4.03E-05
1929,-0.2985,-0.36,8.242416667,0,0.088704972,0.00253,0,0,0,0,0,306.4949827,3.517713635,34.82519952,0,0,0,0,0,6.912761288,0,6.213214183,0.00444657,0,0,0,0,0,0.000838775,0.000419002,0,0,0,0,7.58E-06,0,0,0,0,1066.660342,5.299996972,457,0,285.891049,0,4.05E-05
1930,-0.1003,-0.15,8.633583333,0,0.098079971,0.002805,0,0,0,0,0,306.6199824,4.063463936,34.90929949,0,0,0.001314997,0,0,6.912761265,0,6.240888981,0.00444657,0,0,0,0,0,0.005108676,0.000421541,0,0,0,0,7.63E-06,0,0,0,0,1072.640109,5.299999025,457,0,285.9380507,0,4.08E-05
1931,-0.0686,-0.09,8.71925,0,0.106624969,0.00305,0,0,0,0,0,306.8219821,4.7029781,34.98659947,0,0,0.021151568,0,0,6.912761311,0,6.267828855,0.00444657,0,0,0,0,0,0.001377563,0.000424081,0,0,0,0,7.68E-06,0,0,0,0,1077.490222,5.306650862,457,0,286.124045,0,4.10E-05
1932,-0.1168,-0.17,8.70525,0,0.112749968,0.00323,0,0,0,0,0,307.0929818,5.29421339,35.04279944,0,0,0.074997452,0,0,6.912761217,0,6.295786017,0.00444657,0,0,0,0,0,0.000661664,0.00042662,0,0,0,0,7.72E-06,0,0,0,0,1081.960229,5.338305336,456.9999999,0,286.2220498,0,4.13E-05
1933,-0.2439,-0.29,8.33825,0,0.116369966,0.00334,0,0,0,0,0,307.4019813,5.937420767,35.07669941,0,0,0.124997953,0,0,6.912761412,0,6.325074174,0.004446569,0,0,0,0,0,0.000719201,0.00042916,0,0,0,0,7.77E-06,0,0,0,0,1086.540334,5.37997853,457.0000001,0,286.3710464,0,4.15E-05
1934,-0.1015,-0.14,8.628333333,0,0.120129964,0.00345,0,0,0,0,0,307.7849806,6.67979854,35.11159938,0,0,0.174997895,0,0,6.912760998,0,6.3552219,0.004446572,0,0,0.000761762,0,0,0.000781741,0.000431699,0,0,0,0,7.81E-06,0,0,0,0,1091.770309,5.419978718,456.9999997,0,286.4670491,0,4.18E-05
1935,-0.1392,-0.2,8.51575,0,0.125109962,0.0036,0,0,0,0,0,308.22698,7.595823196,35.15789934,0,0,0.224997905,0,0,6.912761891,0,6.387278316,0.004446566,0,0,0.019080033,0,0,0.000849719,0.000434238,0,0,0,0,7.86E-06,0,0,0,0,1097.080137,5.459979389,457.0000006,0,286.587048,0,4.20E-05
1936,-0.1134,-0.15,8.554,0,0.13321496,0.003845,0,0,0,0,0,309.0119793,8.761372126,35.23359931,0,0,0.274997908,0,0,6.912759935,0,6.420506388,0.004446579,0,0,0.079322331,0,0,0.000923609,0.000436778,0,0,0,0,7.91E-06,0,0,0,0,1101.830314,5.499979962,456.9999987,0,286.7470474,0,4.23E-05
1937,-0.0157,-0.03,8.698333333,0,0.144079958,0.004175,0,0,0,0,0,309.7639786,10.0249596,35.33639927,0,0,0.32499791,0,0,6.912764285,0,6.455213233,0.004446548,0,0,0.140004524,0,0,0.001003923,0.000439317,0,0,0,0,7.95E-06,0,0,0,0,1106.32,5.53998056,457.0000029,0,286.9510467,0,4.25E-05
1938,-0.0288,-0.03,8.863666667,0,0.158039956,0.004605,0,0,0,0,0,310.2939782,11.26616316,35.46979924,0,0,0.374997915,0,0,6.912754462,0,6.491689816,0.00444662,0,0,0.200004306,0,0,0.001091222,0.000441857,0,0,0,0,8.00E-06,0,0,0,0,1110.630798,5.579981152,456.9999934,0,287.1910453,0,4.27E-05
1939,-0.0139,-0.03,8.760333333,0,0.173689954,0.005095,0,0,0,0,0,310.8509776,12.57576191,35.6214992,0,0,0.424997916,0.000443772,0,6.912776968,0,6.530165763,0.004446448,0,0,0.260004537,0,0,0.001186112,0.000444396,0,0,0,0,8.04E-06,0,0,0,0,1116.90968,5.619981745,457.0000152,0,287.3870472,0,4.30E-05
1940,0.0947,0.08,8.764666667,0,0.192399951,0.00569,0,0,0,0,0,311.3569769,14.09085474,35.80499915,0,0,0.474997921,0.009225912,0,6.91272609,0,6.570712181,0.004446994,0,0,0.320004246,0,0,0.001289256,0.000446935,0,0,0,0,8.09E-06,0,0,0,0,1120.120184,5.659982338,456.9999642,0,287.6190462,0,4.32E-05
1941,0.196,0.12,8.768666667,0,0.211069949,0.00629,0,0,0,0,0,311.8109763,15.87214917,35.99129911,0,0,0.524997922,0.048158331,0,6.923158517,0,6.612889009,0.012151916,0,0,0.380004601,0,0,0.001401384,0.000449475,0,0,0,0,8.14E-06,0,0,0,0,1123.240512,5.699982931,457.0000864,0,287.8640449,0,4.35E-05
1942,0.1538,0.09,8.728416667,0,0.235624951,0.0071,0,0,0,0,0,312.1719757,18.12043035,36.23889906,0,0,0.574997928,0.112600847,0,6.954429555,0,6.657354278,0.01866485,0,0,0.440004135,0,0,0.001523267,0.000452014,0,0,0,0,8.18E-06,0,0,0,0,1128.19013,5.739983524,456.9997406,0,288.1380502,0,4.37E-05
1943,0.157,0.13,8.755083333,0,0.267039953,0.00816,0,0,0,0,0,312.3899752,20.7941189,36.56109901,0,0,0.624997927,0.202455463,0,7.005844808,0,6.704339453,0.023900682,0,0,0.500004738,0,0,0.001655751,0.000454554,0,0,0,0,8.23E-06,0,0,0,0,1132.660154,5.779984118,457.9320007,0,288.7810313,0,4.40E-05
1944,0.2928,0.25,8.845,0,0.308314955,0.009595,0,0,0,0,0,312.4129748,23.86478322,36.99279896,0,0.019433657,0.674997936,0.317647079,0,7.076577331,0,6.753844851,0.027877628,0,0,0.560003915,0,0,0.001799757,0.000457093,0,0,0,0,8.27E-06,0,0,0,0,1136.270063,5.819984709,460.7425038,0,289.0000508,0,4.42E-05
1945,0.171,0.12,8.584833333,0,0.336379956,0.010605,0,0,0,0,0,312.3849746,25.9042485,37.29769891,0.004844145,0.421500216,0.724997931,0.458055694,0,7.165842312,0,6.805770056,0.031010342,0,0,0.620005041,0,0,0.001956287,0.000459632,0,0,0,0,8.32E-06,0,0,0,0,1139.320347,5.859985307,463.2436967,0,289.2270446,0,4.45E-05
1946,-0.004,-0.04,8.676916667,0,0.344264958,0.010915,0,0,0,0,0,312.389974,27.50475671,37.39169885,0.083372289,1.635710668,0.774997946,0.62355431,0,7.272848933,0,6.860763934,0.032291698,0,0,0.680003438,0,0,0.002126432,0.000462172,0,0,0,0,8.37E-06,0,0,0,0,1143.66048,5.899985886,465.7432892,0,289.4270461,0,4.47E-05
1947,-0.0477,-0.05,8.797083333,0,0.353654959,0.011285,0,0,0,0,0,312.4859732,29.07856107,37.50009879,0.300011043,2.835014025,0.824997931,0.814011926,0,7.396803249,0,6.918758503,0.032812487,0,0,0.740005749,0,0,0.002311375,0.000464711,0,0,0,0,8.41E-06,0,0,0,0,1149.640289,5.939986517,468.2434297,0,289.511049,0,4.50E-05
1948,-0.0487,-0.09,8.74675,0,0.368314959,0.01187,0,0,0,0,0,312.5209725,31.0411432,37.67049873,0.500013009,4.025014262,0.874997961,1.031654541,0,7.53691753,0,6.979702716,0.032833278,0,0,0.800002308,0,0,0.002512403,0.000467251,0,0,0,0,8.46E-06,0,0,0,0,1155.630178,5.979987009,470.7433789,0,289.5560491,0,4.52E-05
1949,-0.0568,-0.09,8.58675,0,0.38362496,0.012515,0,0,0,0,0,312.6319721,33.1923367,37.85519866,0.700011972,5.215013001,0.924997922,1.251817253,0,7.692389308,0,7.044185648,0.032095154,0,0,0.860007608,0,0,0.002730915,0.00046979,0,0,0,0,8.50E-06,0,0,0,0,1160.349946,6.019987886,473.2434019,0,289.5980505,0.000274774,4.55E-05
1950,-0.1616,-0.18,8.36525,0,0.39696996,0.013105,0,0,0,0,0,312.8209713,35.49983259,38.02389859,0.893881845,6.38225718,0.974997986,1.482466436,0,7.862438425,0,7.112189385,0.030305767,0,0,0.927500591,0,0,0.003054188,0.000472329,0,0,0,0,8.55E-06,0,0,0,0,1163.820558,6.059987796,475.7314635,0,289.7390466,0.001923504,4.57E-05
1951,-0.0132,-0.07,8.625666667,0,0.41064496,0.013745,0,0,0,0,0,313.0139706,37.58082577,38.20429851,1.146855532,7.775353189,1.02442798,1.734915871,0,8.04626279,0,7.183522627,0.028203127,0,0,0.934997703,0,0,0.006885135,0.000474869,0,0,0,0,8.60E-06,0,0,0,0,1168.810108,6.099990539,478.3116426,0,289.8600485,0.00546686,4.60E-05
1952,0.0248,0.01,8.63825,0,0.42523996,0.014465,0,0,0,0,0,313.34197,38.70689525,38.40699844,1.554026657,9.444400434,1.079317696,1.984303843,0,8.24306693,0,7.259722577,0.026776751,0,0,0.92000026,0,0,0.020875124,0.000477408,0,0,0,0,8.64E-06,0,0,0,0,1174.310883,6.139426121,481.1606416,0,290.0250487,0.014999348,4.62E-05
1953,0.0952,0.08,8.87375,0,0.439209959,0.01521,0,0,0,0,0,313.7299694,40.05176042,38.61429835,2.12943667,11.21332526,1.138927608,2.239912168,0,8.459376398,0.001163425,7.340943329,0.024952414,0,0,0.926251683,0,0,0.04651179,0.000479948,0,0,0,0,8.69E-06,0,0,0,0,1183.360648,6.184987498,484.1764457,0,290.3340422,0.024999434,4.65E-05
1954,-0.1165,-0.13,8.560666667,0,0.453484958,0.01602,0,0,0,0,0,314.0949688,41.54246721,38.84129827,2.86359643,13.20392792,1.207977056,2.494911856,0,8.70284383,0.017432911,7.427393048,0.023499979,0,0,0.963755778,0,0,0.082130702,0.000482487,0,0,0,0,8.73E-06,0,0,0,0,1194.430622,6.229988309,488.5088518,0,290.5480486,0.034999388,4.67E-05
1955,-0.1354,-0.15,8.62625,0,0.466714957,0.01683,0,0,0,0,0,314.414968,43.17295877,39.07069818,3.767790832,15.43963218,1.293746353,2.74991219,0,8.963726223,0.108080192,7.519442579,0.021999981,0,0,1.053860108,0,0,0.127459914,0.000485026,0,0,0,0,8.78E-06,0,0,0,0,1206.650918,6.274988799,493.2549823,0,290.8440442,0.044999436,4.69E-05
1956,-0.199,-0.2,8.279583333,0,0.478794956,0.017625,0,0,0,0,0,314.6979672,44.93925634,39.30019808,4.900767459,18.00713838,1.388206119,3.006162921,0,9.237827859,0.289042432,7.616433568,0.020458319,0,0,1.186010383,0,0,0.182289027,0.000487566,0,0,0,0,8.83E-06,0,0,0,0,1221.100798,6.319989706,496.9596978,0,291.1870441,0.054999379,4.72E-05
1957,0.0488,0.04,8.7325,0,0.489309954,0.01836,0,0,0,0,0,314.9919665,46.82995224,39.52009798,6.23939735,20.97754012,1.497475396,3.249913385,0,9.522201381,0.563670092,7.718483878,0.019499981,0,0,1.346465378,0,0,0.246412139,0.000490105,0,0,0,0,8.87E-06,0,0,0,0,1235.800171,6.364989762,500.6978186,0,291.512044,0.06499945,4.74E-05
1958,0.1095,0.07,8.77375,0,0.497734952,0.01897,0,0,0,0,0,315.3449659,48.8399493,39.71509787,7.567232603,24.18434009,1.627484466,3.496994845,0,9.817557971,0.880146157,7.825045869,0.018499996,0,0,1.584594542,0,0,0.319618251,0.000492645,0,0,0,0,8.92E-06,0,0,0,0,1247.420461,6.409992388,504.5039342,0,291.7720454,0.074999357,4.77E-05
1959,0.0596,0.03,8.732666667,0,0.50523995,0.01953,0,0,0,0,0,315.8069651,50.9711455,39.90489776,8.797124084,27.60905121,1.777483687,3.726592113,0,10.13043323,1.23860976,7.935598473,0.01749999,0,0,1.906034764,0,0,0.401699364,0.000495184,0,0,0,0,8.96E-06,0,0,0,0,1257.320075,6.454298415,508.3637169,0,291.9870475,0.084999482,4.79E-05
1960,0.0204,-0.02,8.58375,1.13E-05,0.513094947,0.020105,0,0,0,0,0,316.6249644,53.21124303,40.11859765,10.23712132,31.60535995,1.946942896,3.938670528,0,10.45914598,1.701523037,8.049692187,0.016499992,1.21E-06,6.98E-06,2.249406633,0,0,0.492447476,0.000497724,0,0,0,0,9.01E-06,0,0,0,0,1264.119863,6.504989128,512.232841,0,292.2830443,0.094999392,5.65E-05
1961,0.0775,0.05,8.797666667,0.00173701,0.520729945,0.02064,0,0,0,0,0,317.2989638,55.56353954,40.34249752,12.16785401,36.23666474,2.141221818,4.163667125,0,10.79952545,2.179267275,8.166467469,0.015499992,9.69E-06,5.58E-05,2.637653884,0,0,0.591652588,0.000500263,0,0,0,0,9.05E-06,0,0,0,0,1269.461513,6.554991816,516.0400788,0,292.6020449,0.109999035,0.000395681
1962,0.0888,0.03,8.745916667,0.00677707,0.527874942,0.021115,0,0,0,0,0,318.0439631,58.00743682,40.56609716,14.63989329,41.47677825,2.365680499,4.398663654,0,11.15687459,2.772260261,8.285772741,0.01449999,1.94E-05,0.000111655,3.129154267,0,0,0.6991077,0.000502802,0,0,0,0,9.10E-06,0,0,0,0,1282.571309,6.604418453,519.726474,0,292.9450444,0.129998789,0.000919101
1963,0.1068,0.06,8.856,0.0148637,0.535164939,0.02157,0,0,0,0,0,318.6499622,60.50743685,40.80479573,17.71703305,47.60459269,2.625518996,4.635970328,0.000143319,11.52505722,3.511745083,8.406959445,0.013499995,2.91E-05,0.000209542,3.753723801,0,0,0.814602813,0.000505342,0,0,0,0,9.15E-06,0,0,0,0,1300.790571,6.659987603,523.243996,0,293.3270429,0.154998346,0.001543204
1964,-0.1495,-0.2,8.409666667,0.0257405,0.542524935,0.02199,0,0,0,0,0,319.3329614,63.07753315,41.05469583,21.42167147,54.79980479,2.919597673,4.877437029,0.003477729,11.90180882,4.254168105,8.530663929,0.012499973,3.87E-05,0.000321819,4.502781692,0,0,0.937929925,0.000507881,0,0,0,0,9.19E-06,0,0,0,0,1317.370444,6.715564295,526.5386448,0,293.6850441,0.179998678,0.00230076
1965,-0.078,-0.1,8.527416667,0.0391509,0.550849931,0.022435,0,1.25E-05,1.04E-05,2.29E-05,2.08E-05,319.8159605,65.62683475,41.34249588,25.70980002,63.02901486,3.257975677,5.13517362,0.019166272,12.28543228,5.182889401,8.657198676,0.011375026,5.61E-05,0.000459676,5.391107508,0,0,1.068882037,0.000510421,0,0,0,0,9.24E-06,0,0,0,0,1331.060283,6.764422173,529.5773614,0,294.0450443,0.199998773,0.003262468
1966,-0.0227,-0.05,8.599333333,0.0548384,0.559774927,0.02289,0,0.000149648,9.91E-05,0.000199068,0.000190599,320.8799597,68.07124025,41.65249588,30.50373394,72.24792998,3.653163197,5.413369552,0.039499384,12.67705464,6.633789983,8.78619417,0.010999986,0.000119217,0.001805521,6.472539754,0,0,1.20724215,0.00051296,0,0,0,0,9.28E-06,0,0,0,0,1342.240508,6.819308157,532.3371009,0,294.4530426,0.21999896,0.004444035
1967,-0.0131,-0.02,8.700083333,0.0725467,0.570144923,0.0234,0,0.000414318,0.000233465,0.0004286,0.000428484,321.4799589,70.42624311,42.00469588,35.86647805,82.61014628,4.101901112,5.707025375,0.063713494,13.07116632,8.81561646,8.917659332,0.011131962,0.000223556,0.005476358,7.774255813,0,0,1.352812262,0.000515499,0,0,0,0,9.33E-06,0,0,0,0,1354.271556,6.879989934,534.8238174,0,294.8600433,0.239998735,0.00594885
1968,-0.0296,-0.07,8.516333333,0.0920193,0.582704919,0.02399,2.89E-06,0.000813764,0.000405828,0.000687885,0.000720487,322.388958,72.69054731,42.41149588,41.93913243,94.25966325,4.615648276,6.014501197,0.098729181,13.46686688,11.54927615,9.051833874,0.014528773,0.000360778,0.010674211,9.383843428,0,0,1.505382374,0.000518039,0,0,0,0,9.38E-06,0,0,0,0,1371.650471,6.939991094,537.0335588,0,295.2690429,0.269998018,0.007807039
1969,0.0929,0.07,8.595083333,0.113,0.597669914,0.02467,2.31E-05,0.001363926,0.000613187,0.000985957,0.001058281,323.250957,74.86995058,42.86239594,48.92260712,107.2891798,5.203845167,6.33414702,0.143262747,13.86197915,14.64974034,9.189357215,0.02660746,0.000513466,0.016677814,11.19163774,0,0,1.664742487,0.000520578,1.22E-06,0,9.68E-06,0,9.42E-06,0,0,0,0,1389.341737,6.999991582,538.9712391,3.30E-05,295.681043,0.29999837,0.010129108
1970,0.0372,0.02,8.700916667,0.135231,0.617444908,0.02553,4.90E-05,0.002074985,0.000864906,0.001318848,0.001435363,324.7829559,76.96995385,43.40139625,56.95325518,121.6491897,5.88241123,6.664311913,0.203540499,14.25530305,17.68018514,9.32976213,0.04295516,0.000788676,0.022781516,13.09374699,0,0.001065175,1.830672599,0.000523118,8.56E-06,0,6.79E-05,0,9.47E-06,2.86E-08,0,0,0,1411.100512,7.059993495,540.66486,0.000236974,296.0980429,0.324998574,0.012998711
1971,-0.0783,-0.09,8.59925,0.158458,0.6424449,0.026565,0.000303751,0.00292898,0.00115692,0.001682511,0.001846186,325.399955,78.98995712,44.0078961,65.84650854,137.1382049,6.660777093,7.004381234,0.274415233,14.64593638,20.81547785,9.473883948,0.061202233,0.003391636,0.029181621,15.12005536,0,0.021073127,2.002982711,0.000525657,1.01E-05,0,7.89E-05,0,0.0006875,5.14E-05,0,8.59E-05,0,1431.120953,7.119412277,542.1264454,0.000295589,296.5220428,0.354998112,0.016469326
1972,0.0264,0.01,8.499583333,0.182423,0.67407489,0.027815,0.00114133,0.00390667,0.001484944,0.002075046,0.002300143,327.3489541,80.9293605,44.68869589,75.67088768,153.856226,7.553642207,7.356679625,0.348219917,15.03268314,24.91669802,9.622934288,0.081566239,0.010107177,0.036613825,17.35239005,0,0.069999842,2.181452823,0.000528196,1.04E-05,0,8.04E-05,0,0.0025,0.000187031,0,0.0003125,0,1449.290028,7.184317335,543.3849343,0.000235578,296.9550426,0.389997878,0.0205848
1973,0.1641,0.15,8.94825,0.20687,0.713879879,0.02935,0.002472,0.0049981,0.00186052,0.002494564,0.002788735,329.9089531,82.79306371,45.45469555,86.87261649,172.25726,8.576456757,7.723948017,0.438013555,15.41453877,30.32583647,9.776117179,0.107531536,0.020921595,0.04518213,19.92769459,0,0.114999842,2.365882936,0.000530736,1.07E-05,0,8.18E-05,0,0.0050625,0.000378738,0,0.000632813,0,1462.860702,7.255663538,544.4634017,0.000169163,297.3990424,0.424998011,0.025345894
1974,-0.0719,-0.07,8.4675,0.231542,0.764989869,0.03132,0.004224,0.00619347,0.002273166,0.002939177,0.003296887,330.7559525,84.59316609,46.34259529,99.53890268,192.5642491,9.748060452,8.108936408,0.543196139,15.79050592,36.76850455,9.933977276,0.146534775,0.034983893,0.054990735,22.52558277,0,0.161269842,2.556043048,0.000533275,1.10E-05,0,8.33E-05,0,0.008,0.0005985,0,0.001,0,1476.140911,7.319503661,545.3698231,9.78E-05,297.8550422,0.459997921,0.030775486
1975,0.0034,-0.02,8.744833333,0.256183,0.828489873,0.033995,0.00633333,0.00748299,0.002723323,0.003407074,0.003817782,330.826952,86.32876873,47.35769548,112.331764,213.2352218,11.09574286,8.514406523,0.661696679,16.1594846,42.72001613,10.09768575,0.203307822,0.051680791,0.066143439,25.1791244,0,0.194999843,2.75175316,0.000535815,1.14E-05,0,8.64E-05,2.82E-06,0.0109375,0.000818262,0,0.00136719,0,1491.740965,7.389227279,546.1371378,8.32E-05,298.326042,0.499997611,0.036913378
1976,-0.0792,-0.11,8.34725,0.280537,0.887209869,0.036665,0.008736,0.00885687,0.003215376,0.003912958,0.004344617,331.544951,87.99307184,48.27609537,124.7307475,232.9972202,12.63643535,8.955106976,0.81180818,16.52037435,49.04176908,10.26717503,0.277511982,0.087156987,0.080355144,28.19611552,0,0.229999843,2.952783273,0.000538354,1.17E-05,0,0.007432716,2.25E-05,0.0135,0.00100997,0,0.0016875,0,1509.110962,7.465574264,546.791424,0.00036369,298.8140417,0.544380327,0.043801869
1977,0.1978,0.18,8.85025,0.304347,0.949079861,0.039815,0.011368,0.0103053,0.003740268,0.004452555,0.004870567,333.3529501,89.5924745,49.29249505,136.7956981,251.9942055,14.47871704,9.431879153,0.983641675,16.87217461,57.53721462,10.44266329,0.369696973,0.150426983,0.098297148,31.40779854,0,0.264999843,3.158943385,0.000540893,1.20E-05,0,0.026895796,4.51E-05,0.0153125,0.00114557,0,0.00191406,0,1527.680955,7.534413864,547.3396889,0.00499715,299.3190414,0.594551172,0.051483361
1978,0.1123,0.07,8.69275,0.327356,1.021159854,0.043615,0.0141653,0.0118185,0.004300959,0.005013018,0.005388823,335.0099494,91.13187645,50.43949489,148.0045805,270.0011859,15.96304758,9.926631329,1.17364517,17.21378637,68.57340068,10.6243515,0.47630767,0.230200978,0.118508053,35.7235771,0,0.298729835,3.370003503,0.000543433,1.24E-05,0,0.054136695,6.76E-05,0.016,0.001197,0,0.002,0,1546.890908,7.609319153,547.7978985,0.0101594,299.845041,0.659995732,0.059999853
1979,0.2273,0.17,8.733416667,0.353214,1.094819846,0.047935,0.017064,0.0133867,0.00488945,0.005592088,0.005892573,336.6049484,92.61308152,51.55739484,157.638472,286.4941585,17.68312701,10.42123351,1.378264665,17.54420888,78.18179325,10.81253892,0.58937681,0.315191974,0.139529057,40.48909939,0,0.342519765,3.730003667,0.000545972,1.15E-05,0,0.084902694,9.01E-05,0.016,0.001197,0,0.001,0,1566.160847,7.6899915,548.1820799,0.0146059,300.3930407,0.769992632,0.159999848
1980,0.2637,0.27,8.980333333,0.380096,1.173509837,0.053255,0.02,0.015,0.0055,0.006217188,0.006382813,338.7049479,94.1031727,52.72269502,166.0775217,302.1822505,20.16738843,10.89773566,1.593954124,17.86224342,85.15928517,11.00742606,0.709716624,0.39410897,0.159896062,44.5514893,0,0.411785645,4.130003868,0.000548512,5.52E-06,0,0.114940994,0.000112664,0.011,0.001197,0,5.11E-05,0,1584.940753,7.769993808,548.5012385,0.0177754,300.9650402,0.889993041,0.239999842
1981,0.2999,0.33,9.165833333,0.407822,1.260189841,0.059785,0.024,0.0175,0.006515155,0.007289063,0.006901409,340.0589478,95.3121946,53.97579525,174.7385057,319.4201305,23.25697322,11.34983798,1.842493364,18.1670859,90.82912021,11.2098113,0.835245683,0.468744964,0.180000068,48.66220623,0,0.504999622,4.560003948,0.000551051,1.08E-05,0,0.139999994,0.000135197,0.003,0.001197,0,0.000127619,0,1602.650629,7.849401621,548.7653707,0.0197221,301.5620398,0.99999364,0.299999837
1982,0.1815,0.13,8.639166667,0.437303,1.34256985,0.0664,0.028,0.0205,0.00812351,0.008625,0.007240499,340.6439474,96.45029187,55.10939562,183.2774727,335.1432685,27.2989114,11.80544082,2.144632584,18.45744384,95.16212261,11.41879992,0.972899207,0.553212956,0.200000072,52.7640924,0,0.597249616,4.97000385,0.00055359,1.28E-05,0,0.159999998,0.00015773,0.002,0.001197,0,0.000269655,3.74E-06,1618.730532,7.934991458,548.9834749,0.0208354,302.1870393,1.119992619,0.339999831
1983,0.3411,0.3,9.028166667,0.469505,1.409899844,0.07204,0.0325,0.0235,0.009936882,0.009968208,0.007240499,342.2659473,97.67578944,56.16269554,191.1673244,352.5060954,30.83067339,12.1942356,2.499991906,18.73240864,99.4379598,11.63388809,1.14495953,0.65197495,0.219500077,56.78648764,0,0.672999685,5.270004285,0.00055613,1.17E-05,0,0.179999994,0.000180262,0.011,0.001197,0,0.003,3.17E-05,1632.620143,8.019996365,549.1685519,0.0214704,302.8420388,1.239993068,0.389999825
1984,0.149,0.15,8.691833333,0.504943,1.482039829,0.07798,0.0375,0.027,0.011940864,0.011694932,0.0077454,344.0079495,98.93998711,57.26739519,199.9671411,366.7992289,34.79922611,12.64292417,2.849991352,18.99078842,103.9462236,11.85477757,1.295939073,0.775712942,0.246125082,60.74248929,0,0.72171374,5.530004525,0.000558669,3.97E-06,0,0.199999994,0.000202795,0.017,0.001197,0,0.005,7.40E-05,1643.500861,8.103740166,549.3226302,0.0217531,303.5280383,1.359992909,0.449999818
1985,0.1342,0.12,8.658,0.543629,1.568769831,0.08467,0.043,0.0305,0.014727071,0.014008732,0.008102531,345.4589538,100.1819959,58.37619528,214.0334538,383.2672495,39.6523875,13.14410977,3.187290941,19.23167473,108.2164367,12.08026953,1.41598165,0.935456933,0.265208086,64.80020885,0,0.754999758,5.870004583,0.000561209,8.57E-06,0,0.219999998,0.002249685,0.017,0.001197,0,0.004,0.00011811,1655.910492,8.199989374,549.4526883,0.0217833,304.2470377,1.499991284,0.519999811
1986,0.2296,0.19,8.833583333,0.585984,1.65024983,0.090615,0.0485,0.0345,0.018013485,0.017,0.009501247,346.9029481,101.6729752,59.28379541,222.339684,402.4122217,44.60810727,13.69979481,3.649990567,19.45397577,111.0731501,12.30986201,1.574111379,1.132979924,0.279167091,69.13964018,0,0.787921734,6.310004835,0.000563748,1.20E-05,0,0.259999993,0.019787868,0.018,0.001197,0,0.001,0.00026037,1668.791155,8.294995167,549.5567533,0.0216917,305.0020373,1.649991132,0.579999802
1987,0.3696,0.33,8.994416667,0.63326,1.734959822,0.096195,0.054,0.038,0.023,0.0205,0.011,348.7749474,103.073981,60.24869523,233.3356408,423.3474162,50.83082078,14.25549592,4.105550247,19.65658494,114.9139044,12.54534656,1.771160214,1.346309915,0.299500102,73.98439718,0,0.839189596,6.710005128,0.000566287,2.90E-05,0,0.289999988,0.046362445,0.022,0.001197,0,0.003,0.00069046,1683.749784,8.389330954,549.646775,0.02165,305.7930356,1.799991229,0.619999793
1988,0.3757,0.41,9.201583333,0.679815,1.826239809,0.10223,0.06,0.0425,0.0285,0.0245,0.0135,351.2759329,104.169018,61.25519507,244.8257555,449.3231052,57.89559862,14.75671553,4.49442992,19.83841464,120.2763623,12.7989115,1.972920299,1.548219907,0.324250103,79.53813652,0,0.950459323,7.220005827,0.000568827,3.19E-05,7.71E-05,0.329999992,0.081105674,0.02,0.001197,0,0.003000001,0.001493088,1693.940925,8.489993168,549.7208285,0.0221585,306.6240409,1.969989478,0.649999783
1989,0.297,0.29,8.922,0.716925,1.923179805,0.109465,0.0655,0.047,0.0355,0.0285,0.016,352.8939214,105.8829334,62.29139498,256.5893143,468.072173,64.49583634,15.21254202,4.94998957,19.99840982,124.9414038,12.94653233,2.184091233,1.722359909,0.355750102,85.39031455,0.00011204,1.121579057,7.7600062,0.000571366,3.28E-05,0.00054493,0.389999993,0.123860199,0.014,0.001197,0,0.003000001,0.002615397,1705.630429,8.589393769,549.780857,0.0262824,307.8310207,2.149989423,0.659999772
1990,0.4328,0.44,9.234166667,0.746377,2.018889809,0.116304999,0.071,0.0515,0.0425,0.0325,0.019,354.0729301,106.4680288,63.3211951,263.085193,482.7560597,70.81883358,15.57398441,5.405549306,20.15157459,128.8259148,12.90888214,2.425140698,1.876249915,0.380000101,90.98358917,0.03376847,1.44777797,8.280006091,0.000573906,0.002091195,0.007755279,0.439999992,0.176202852,0.014,0.001197,0,0.005000002,0.004025665,1717.400668,8.694339761,549.8308517,0.0338657,308.6830389,2.349987682,0.669999762
1991,0.4055,0.43,9.179416667,0.771528,2.113149816,0.123209999,0.077,0.056,0.051,0.0375,0.022,355.3529349,105.8530495,64.34609504,267.7901538,493.7842067,76.48646705,15.7520214,5.79998908,20.30894426,137.2217081,12.58910417,2.665145994,2.020599921,0.405000099,96.40249329,0.066480597,2.221526541,8.820006172,0.00165152,0.030692224,0.075825581,0.489999992,0.236941312,0.017,0.001196999,0,0.008000002,0.005709253,1729.33056,8.804992592,549.871074,0.0411977,309.2330392,2.559987604,0.679999751
1992,0.2571,0.23,8.836583333,0.790775,2.200229829,0.130369999,0.0825,0.061,0.0605,0.0425,0.026,356.2289489,104.9830722,65.26709546,270.7759345,505.8679771,80.4037554,15.8999349,6.199989081,20.46313357,134.4471788,12.10270954,2.817202264,2.161349926,0.430500095,101.4922789,0.170776228,3.300515857,9.340006519,0.005856849,0.094828137,0.196005654,0.51999998,0.307183848,0.026000001,0.001196999,0,0.005000003,0.007651571,1740.139261,8.914994065,549.9049077,0.0489389,309.7250408,2.769987694,0.709999739
1993,0.2853,0.24,8.866583333,0.804658,2.283709833,0.138369999,0.0885,0.066,0.071,0.0465,0.03,356.9249589,104.3230418,66.0913957,271.1687739,511.9881022,82.41623738,16.06663942,6.607129385,20.6062784,127.5331448,12.02513686,3.00582981,2.292519932,0.45083308,105.4173414,0.714616166,4.475985339,9.940007666,0.012622199,0.195520449,0.36491672,0.569999924,0.387410932,0.033000004,0.002393997,0,0.001066686,0.00983798,1743.100661,9.027161373,549.9418873,0.0573767,310.099049,2.989986706,0.739999728
1994,0.3409,0.32,9.03875,0.816502,2.367939832,0.148089999,0.094,0.0705,0.082,0.0515,0.0345,358.2539622,103.5700669,66.87479596,269.6277961,518.2140644,83.36027093,16.09994308,6.955350343,20.73100942,117.3179626,11.99219308,3.216891786,2.402529937,0.465417065,110.9444093,2.23833949,5.687364779,10.60000814,0.021451599,0.327725766,0.612369261,0.639999789,0.599730526,0.037000005,0.002393992,0,0.002012556,0.012253878,1748.62038,9.131617577,545.3847258,0.0668142,310.8080291,3.209987196,0.779999716
1995,0.4577,0.46,9.347083333,0.828287,2.455579823,0.160489997,0.1,0.0755,0.0945,0.056,0.039,360.2389564,102.8890491,67.62789599,268.103853,524.6571057,83.83788697,16.13744611,7.249992032,20.82965994,104.9949907,11.91562774,3.439076973,2.491109943,0.475000044,116.0475308,3.747459319,6.544661839,11.2700082,0.031974499,0.481656957,1.649199276,0.759999549,0.819731939,0.042000004,0.004787988,0,0.004000004,0.014884676,1755.229637,9.13146944,552.4202309,0.0775571,311.2790552,3.429987079,0.839999704
1996,0.3228,0.35,9.038916667,0.841084,2.552259809,0.176529995,0.106,0.081,0.109,0.0605,0.0435,362.0049615,102.3110409,68.36059598,266.7558396,531.4080027,83.94530112,16.24994903,7.557493451,20.89438406,91.00497126,11.43211172,3.602302108,2.569999948,0.486250038,124.7284975,6.036929148,7.866570164,11.99000811,0.043820599,0.649787149,3.231894499,0.939999213,0.92993581,0.049000011,0.007181984,0,0.00201362,0.017715674,1757.190597,9.063675706,537.311211,0.0898515,312.2980193,3.659986237,0.899999691
1997,0.5187,0.48,9.202583333,0.855555,2.661009795,0.196299993,0.112,0.0855,0.124,0.065,0.048,363.2519618,101.2420824,69.069896,265.2918521,534.963034,83.52113247,16.36244681,7.813324523,20.91976881,77.60030497,10.67372271,3.780295749,2.650669954,0.490000036,127.3770247,7.714768977,8.959980699,12.75000854,0.056619199,0.82481934,5.399307977,1.209998775,1.079883576,0.060000013,0.009575981,0,0.004000424,0.020732272,1761.501069,9.140432434,542.7740227,0.103936,313.1830378,3.889986493,0.929999678
1998,0.6344,0.64,9.522666667,0.871358,2.781449786,0.21951499,0.118,0.09,0.14,0.069,0.053,365.932958,100.3160465,69.77859605,263.8838629,537.6670265,82.96492472,16.39994577,7.954165232,20.35929871,65.37696431,10.25878757,3.887360843,2.724999959,0.490000039,134.272823,9.836338806,9.961479774,13.54000891,0.069999998,0.999452531,8.110631438,1.529998155,1.359591298,0.073000025,0.013166977,0,0.010000006,0.026339269,1770.290692,9.25463419,570.72735,0.120167,313.9070086,4.109987565,0.979999665
1999,0.4438,0.42,9.285083333,0.888086,2.908199774,0.245494988,0.1245,0.0945,0.1565,0.073,0.058,367.8449748,99.33087236,70.47599609,262.545867,540.1430326,82.38263381,16.44995402,8.049995753,20.44127846,54.61866831,10.20066661,3.999729153,2.802669965,0.490000035,138.6809005,11.38479863,11.35428676,14.30001099,0.08999999,1.220421723,11.12196899,1.939997352,1.539625771,0.086000038,0.016757973,4.15E-06,0.011000006,0.032415465,1778.199508,9.09377772,562.6231659,0.138752,314.7089864,4.358643637,1.019999651
2000,0.4262,0.42,9.201166667,0.905661,3.038709772,0.273739986,0.13,0.0985,0.1725,0.0775,0.0625,369.12498,98.27196935,71.17349622,261.1698421,542.3829886,81.99841659,16.49996397,8.149996783,20.03465831,45.62981445,9.454691866,4.127887868,2.86237997,0.490000031,143.4614364,13.12139846,12.10278886,15.12001011,0.169999962,1.603711914,14.69189455,2.429996362,2.107947569,0.106000051,0.02154597,2.95E-05,0.013000007,0.040547359,1778.010133,8.829522994,552.0705462,0.158601,315.7589947,4.563808581,1.049999636
2001,0.5473,0.55,9.414583333,0.924034,3.162919786,0.303624984,0.1365,0.103,0.1885,0.0815,0.067,370.6729901,97.35795715,71.8547965,259.5498322,543.195014,81.48942809,16.5499795,8.262498719,19.54157919,37.92371257,9.350273603,4.220908432,2.894289975,0.490000031,149.2573949,14.54499832,13.05259183,15.88000954,0.269999935,1.978332105,19.70229558,2.969995257,2.302603921,0.132000049,0.026333966,0.000259714,0.019000007,0.050659651,1776.530734,8.354893207,542.7083239,0.181392,316.4930128,4.776847017,1.099999621
2002,0.6023,0.63,9.570416667,0.943718,3.280869788,0.334309982,0.1425,0.1065,0.2015,0.085,0.071,372.8349943,96.34296669,72.51259645,257.6687914,543.6559868,80.81803446,16.59997547,8.299998415,21.38450099,31.9174665,8.940342304,4.280658752,2.938179975,0.490000034,154.42527,15.73959832,13.69309049,16.56001039,0.389999904,2.527012297,23.51545785,3.529994121,2.900863952,0.159000069,0.032318963,0.002832789,0.030000012,0.06128754,1778.960928,8.333909139,535.350136,0.21256,317.1010163,4.990507538,1.159999605
2003,0.6134,0.62,9.525583333,0.965652,3.425119787,0.369557977,0.1475,0.109,0.2135,0.089,0.0745,375.410995,95.34536149,73.28449531,255.4128071,543.3509969,80.10183481,16.59995266,8.320768524,21.95576257,26.71782735,8.946687822,4.319008377,2.997129956,0.488825035,158.9964028,16.89009837,14.40909019,17.26001112,0.502713865,2.913952488,27.51708304,4.223822824,3.488562063,0.189000092,0.03830396,0.067158157,0.060000045,0.073067829,1783.589822,8.222527906,538.8634623,0.254791,317.7300065,5.207866993,1.219999586
2004,0.5783,0.55,9.324583333,0.990998,3.577999785,0.405883973,0.152,0.112,0.224,0.0925,0.077,376.9870025,94.3884594,74.13009399,253.1937996,542.8479943,79.26674351,16.5900601,8.341978773,21.63081623,22.2226815,8.981352402,4.340159345,3.035939952,0.485722036,164.7063941,17.33459851,15.06349299,18.06001347,0.824737824,3.54512268,31.54472268,5.007921499,3.886517258,0.233000116,0.044288957,0.237973921,0.12000009,0.086722218,1784.230278,8.019330729,537.7152341,0.306077,318.3570142,5.435196412,1.303859555
2005,0.6585,0.69,9.700916667,1.02075,3.697199784,0.440129968,0.156,0.114,0.2335,0.096,0.08,378.907005,93.41565891,74.98279268,250.9148036,542.1459784,78.73161922,16.54227318,8.346869023,22.70366573,18.55732919,9.29010228,4.354827182,3.073349959,0.481325037,170.4794894,17.67819867,15.68219339,18.97001566,1.275769783,4.231992871,36.60471896,5.881380174,4.650364603,0.285000135,0.050273953,0.466456885,0.210000113,0.102392908,1783.360415,7.93129758,538.5567708,0.35,319.1300041,5.656007268,1.380769523
2006,0.6125,0.63,9.5325,1.05343,3.767239782,0.464344964,0.1595,0.116,0.241,0.0995,0.0815,381.010007,92.31416523,75.77629202,248.6647957,540.6499664,78.12813223,16.51448431,8.368909162,22.91611083,15.45824364,8.547016035,4.334849498,3.118419961,0.476269038,177.6055412,18.45499886,16.64789278,20.05001809,1.606559742,4.82896311,40.86165862,6.627838972,5.463509812,0.360000156,0.061035146,0.706620849,0.320000148,0.119628898,1783.421232,7.67986865,536.2959017,0.4,319.9330009,5.891855681,1.453479495
2007,0.61,0.66,9.732166667,1.0862,3.864439782,0.483076969,0.1625,0.1175,0.248,0.103,0.0835,382.6030247,91.12946598,76.47559467,246.4138294,538.4259843,77.31464077,16.49068292,8.36018869,24.11316232,12.83412321,8.846131875,4.309016705,3.136809961,0.46845004,185.0205705,19.12419887,17.73009252,21.27452376,2.100419696,5.509383612,45.316842,7.374408195,5.803807333,0.430000177,0.066375638,0.912475812,0.410000179,0.138230889,1788.951311,7.65165556,544.8235376,0.46,320.6460137,6.164003156,1.50287949
2008,0.5419,0.54,9.43175,1.11882,3.942859793,0.503767975,0.165,0.1195,0.2535,0.107,0.085,384.7390186,89.87336868,77.15499475,244.4768222,536.3339646,76.47364164,16.45867737,8.382678482,26.4127293,10.93584978,8.747184716,4.247629411,3.156759962,0.462309045,193.0975523,19.54649891,18.92829238,22.00681877,2.708719636,6.429283924,49.71934078,8.326615996,6.857228635,0.500000199,0.074672633,1.080499781,0.432265216,0.157816883,1798.419648,7.470538326,546.2872207,0.52,321.5749913,6.453542625,1.539169494
2009,0.6367,0.64,9.50525,1.15284,4.015999843,0.51754498,0.1675,0.121,0.258,0.11,0.086,386.280019,88.57357296,77.73389563,242.4608238,533.7759774,75.92381996,16.42168592,8.389018826,26.1883814,9.145282381,8.543028169,4.189547876,3.183569966,0.462017031,200.3144866,19.8701988,19.93079222,22.6582142,3.002319591,7.706023714,52.76593081,9.355365263,7.076026721,0.570000232,0.084006748,1.222539803,0.476335249,0.177476881,1802.10118,7.17111269,539.823167,0.6,322.2750067,6.72832434,1.587909501
2010,0.7014,0.71,9.703083333,1.18872,4.092629842,0.53965798,0.1695,0.122,0.263,0.114,0.087,388.7170293,87.380959,78.37379534,240.4518091,531.2819664,75.33903167,16.41509004,8.386359095,29.34654771,7.662665672,8.949861947,4.121598822,3.196069966,0.458197024,207.7455477,20.67949886,20.53689299,23.29651443,3.920989441,8.963194383,57.85153662,10.42698393,7.474033526,0.650000258,0.090501252,1.382749798,0.534628258,0.19690188,1807.850678,7.125164194,535.3102578,0.71,323.1409918,7.010202897,1.661259471
2011,0.5788,0.6,9.516,1.22618,4.170369847,0.558112979,0.172,0.123,0.267,0.117,0.088,390.9440147,86.05878297,79.04059458,238.2458125,528.5329724,74.63823385,16.3613845,8.387008993,29.49461486,6.305953694,8.949700169,4.048868135,3.23095997,0.450772022,214.5593733,21.56119884,21.35419374,24.134216,5.171979407,10.46480495,62.84794999,11.92148508,7.894731997,0.740000252,0.096682127,1.555159774,0.555787285,0.21967887,1813.070205,7.106488342,534.1656109,0.83,324.1589802,7.307322114,1.743329429
2012,0.624,0.63,9.507333333,1.26365,4.244799848,0.57140498,0.1745,0.124,0.271,0.12,0.089,393.0159927,85.01424537,79.78919499,236.2068374,525.8339698,73.97863018,16.34028708,8.405529201,29.2996157,5.245330815,8.843595631,3.964238052,3.252539973,0.44370102,220.1084062,22.5435988,21.61989368,24.98831739,5.642169309,11.74120577,67.75087195,12.84508455,8.037666181,0.830000262,0.111490941,1.750789764,0.635329261,0.232035888,1815.261234,6.987856723,537.6538087,0.96,325.0049911,7.598473328,1.823069397
2013,0.6679,0.65,9.6065,1.30112,4.328779817,0.586580982,0.177,0.125,0.275,0.123,0.09,395.7249793,83.89107921,80.5326942,234.3808681,523.1149754,73.30493415,16.32728018,8.421289533,35.04788413,4.36362556,9.249993007,3.861788437,3.305999974,0.436526021,226.1303638,23.41469876,22.20769445,26.02762233,7.502489268,13.94660627,74.77006274,14.52268253,8.094252353,0.930000273,0.121750942,1.929539737,0.693024271,0.242738893,1822.580849,6.848844537,539.6203592,1.1,325.9189932,7.910870302,1.9533193
2014,0.7408,0.74,9.570666667,1.33858,4.398729723,0.600662976,0.1795,0.126,0.279,0.126,0.091,397.5469769,83.06993149,81.09249054,233.0798702,520.5809648,72.71072447,16.30656762,8.429009295,36.34755717,3.680271247,9.901842314,3.753657778,3.297609971,0.431062024,229.5420669,23.80909854,22.07569416,26.89043525,8.336969012,15.35500766,80.5157287,15.25278089,7.73265845,1.005670268,0.1305709,2.047369733,0.765030303,0.247262893,1831.471005,6.686090273,539.5420322,1.24,326.987993,8.221433068,2.039329284
